test_id,predicted_ec,ec_mean_cosine_similarity
E0VIU9,['2.3.2.31'],[0.9748]
Q838J7,"['4.2.1.113', '5.5.1.1', '5.5.1.7', '5.1.1.20', '5.1.1.22']","[0.9756, 0.9533, 0.9492, 0.9489, 0.9479]"
P47482,"['2.7.7.18', '3.6.1.41']","[0.9755, 0.9755]"
B1VB82,['2.7.1.177'],[0.9901]
R9QMR1,['4.2.3.121'],[0.9996]
R9QMW2,['4.2.3.121'],[0.9997]
E0W1I1,['2.7.11.1'],[0.9888]
Q66H88,"['3.1.3.4', '3.1.3.81', '3.1.3.106']","[0.8936, 0.8871, 0.8871]"
Q8IWZ4,['2.3.2.27'],[0.9251]
D0UZK2,"['4.2.3.88', '4.2.3.21', '4.2.3.133', '4.2.3.13']","[0.9967, 0.9967, 0.9966, 0.9966]"
G0Y7D1,['4.2.3.114'],[0.9949]
A0A1V0E492,"['4.2.3.73', '4.2.3.86', '4.2.3.88']","[0.9951, 0.9951, 0.9949]"
I7GPX8,['4.2.3.114'],[0.9952]
A0A142BX70,"['4.2.3.75', '4.2.3.57', '4.2.3.179', '4.2.3.104', '4.2.3.46']","[0.9965, 0.9961, 0.9957, 0.9957, 0.9956]"
I7H727,"['4.2.3.73', '4.2.3.86']","[0.9961, 0.9961]"
G0Y7D3,"['4.2.3.111', '4.2.3.112', '4.2.3.105', '4.2.3.106', '4.2.3.27']","[0.9952, 0.9952, 0.995, 0.995, 0.995]"
A0A2R4QKX7,"['4.2.3.13', '4.2.3.92', '4.2.3.61', '4.2.3.194', '4.2.3.128']","[0.996, 0.996, 0.9959, 0.9958, 0.9958]"
A0A0D4D912,['4.2.3.23'],[0.9994]
W6HUT3,"['4.2.3.105', '4.2.3.106', '4.2.3.20']","[0.9938, 0.9938, 0.9937]"
U5PZT6,"['4.2.3.20', '4.2.3.27', '5.5.1.8', '4.2.3.121', '4.2.3.116']","[0.9942, 0.994, 0.9938, 0.9938, 0.9938]"
G8H5M7,"['4.2.3.71', '4.2.3.15', '4.2.3.60', '4.2.3.113']","[0.9998, 0.9986, 0.9986, 0.9986]"
Q25998,['2.7.7.102'],[0.9748]
Q96T68,"['2.1.1.366', '2.1.1.355', '2.1.1.367']","[0.9608, 0.9584, 0.9584]"
Q6K431,['2.1.1.357'],[0.937]
G5EEU2,['2.1.1.366'],[0.98]
Q06ZW3,['2.1.1.366'],[0.9466]
Q57596,"['2.1.1.72', '3.1.21.4']","[0.9898, 0.9156]"
A0A163UT06,"['2.1.1.361', '2.1.1.369']","[0.9216, 0.9165]"
Q09820,"['3.6.4.12', '3.6.4.13']","[0.9523, 0.9518]"
Q8VZ17,"['2.1.1.368', '2.1.1.369']","[0.9883, 0.9883]"
F2XFA6,"['4.2.3.119', '4.2.3.16', '4.2.3.120']","[0.996, 0.996, 0.9956]"
C0PPR1,"['4.2.3.119', '4.2.3.120', '4.2.3.107']","[0.9965, 0.9965, 0.9965]"
F2XF93,"['4.2.3.16', '4.2.3.111', '4.2.3.109', '4.2.3.108', '4.2.3.15']","[0.9956, 0.9956, 0.9956, 0.9956, 0.9956]"
B7N6P4,"['1.1.5.13', '1.1.99.2', '1.1.5.4']","[0.9998, 0.9787, 0.9327]"
A0A5Y6MCT2,"['1.1.5.13', '1.1.99.2', '1.1.5.4']","[0.9983, 0.9785, 0.9312]"
Q9UAV5,"['1.1.1.37', '1.1.1.96', '1.1.1.82', '1.1.1.27', '1.1.1.299']","[0.9937, 0.9919, 0.964, 0.9467, 0.9419]"
B0BNF9,"['1.1.3.15', '1.2.3.5', '1.1.3.46', '1.13.12.4', '1.1.99.31']","[0.9994, 0.9994, 0.9694, 0.9571, 0.9356]"
O42881,['3.1.1.1'],[0.9567]
Q12354,['3.1.1.1'],[0.9606]
Q62994,"['2.4.1.152', '2.4.1.65']","[0.972, 0.972]"
I1RY35,['2.3.3.10'],[0.9931]
Q93YB2,"['1.2.1.8', '1.2.1.47', '1.2.1.19', '1.2.1.54']","[0.9976, 0.9975, 0.9975, 0.9975]"
R9QMW7,"['4.2.3.111', '4.2.3.109', '4.2.3.108', '4.2.3.15']","[0.9959, 0.9959, 0.9959, 0.9959]"
P9WEP6,"['3.5.1.4', '3.5.2.12', '3.5.1.86', '3.5.99.5']","[0.9718, 0.927, 0.9168, 0.8979]"
W7MTI6,"['3.5.1.4', '3.5.2.12', '3.5.99.5', '3.5.1.86', '3.5.1.131']","[0.9662, 0.9151, 0.9066, 0.9039, 0.8982]"
Q9ZT92,['1.14.11.53'],[0.8842]
Q3TSG4,['1.14.11.53'],[0.999]
E1BH29,['1.14.11.53'],[0.9972]
Q6FW75,['3.1.1.1'],[0.9595]
Q4PID3,['3.1.1.1'],[0.9563]
A0A4X1T4U3,"['2.7.4.3', '2.7.4.6']","[0.9988, 0.9988]"
Q0P8J1,"['2.7.7.71', '2.7.7.99', '2.7.7.9', '2.7.7.24', '2.7.7.33']","[0.9866, 0.9547, 0.9445, 0.9393, 0.9328]"
Q4WEB8,"['2.5.1.10', '2.5.1.1', '2.5.1.29']","[0.9966, 0.9966, 0.99]"
Q59VG6,"['1.14.19.20', '1.14.18.9', '1.14.18.10', '1.14.18.11', '4.1.99.5']","[1.0, 0.9766, 0.975, 0.9749, 0.9727]"
W7MLD8,['3.5.1.4'],[0.9709]
Q9LDQ3,['2.7.11.1'],[0.9916]
Q68F54,['1.14.11.53'],[0.9905]
A0A011QK89,['1.1.99.2'],[0.9466]
A0A0M7LBC1,"['1.1.99.2', '1.1.5.13']","[0.9491, 0.9149]"
S2DJ52,"['1.1.5.13', '1.1.99.2', '1.1.5.4']","[0.983, 0.9772, 0.9257]"
C6KEM4,"['1.2.1.8', '1.2.1.47', '1.2.1.19', '1.2.1.54']","[0.9985, 0.9959, 0.9959, 0.9959]"
R9QMW8,"['4.2.3.107', '4.2.3.119', '4.2.3.120']","[0.9977, 0.9968, 0.9968]"
Q4WQ95,['5.4.99.7'],[0.9949]
D7NJ68,['5.4.99.7'],[0.994]
Q5A888,"['1.1.1.270', '1.1.1.210', '1.1.1.62']","[0.9997, 0.9725, 0.9725]"
I1RE80,['1.14.19.41'],[0.994]
W7MSI0,"['3.1.1.3', '3.1.1.1', '3.1.1.8', '3.1.1.42', '3.1.1.87']","[0.9493, 0.9474, 0.9468, 0.9464, 0.9405]"
P38993,"['1.10.3.2', '1.10.3.3']","[0.9711, 0.9633]"
A1IIX4,['1.3.1.32'],[0.9896]
F2XF94,['4.2.3.107'],[0.9999]
R9QMW4,"['4.2.3.107', '4.2.3.110', '4.2.3.119', '4.2.3.120', '4.2.3.117']","[0.9974, 0.9966, 0.9964, 0.9964, 0.9958]"
Q5ASI2,['3.1.1.1'],[0.9651]
Q8DY32,"['1.13.11.78', '3.1.3.89', '3.1.4.56', '3.1.4.17']","[0.8419, 0.8414, 0.8, 0.7433]"
A0A7U9P668,"['3.2.1.135', '3.2.1.133', '3.2.1.54', '3.2.1.20', '3.2.1.1']","[0.9978, 0.99, 0.9889, 0.9693, 0.9468]"
A8DYP7,"['2.7.7.86', '2.7.7.65', '2.7.7.85']","[0.9546, 0.9249, 0.8994]"
Q5SJX8,"['4.2.1.113', '5.1.1.20', '5.5.1.7', '5.5.1.1', '5.1.1.22']","[0.9673, 0.9438, 0.9407, 0.9402, 0.9394]"
A0A0H2USG1,['2.3.2.27'],[0.9775]
P97823,['3.1.1.1'],[0.9413]
Q3UFF7,['3.1.1.1'],[0.9616]
Q9YDP3,"['2.1.1.37', '2.1.1.204']","[0.9816, 0.9285]"
F6M8I0,['4.2.3.112'],[0.9999]
Q9KD90,"['3.1.3.89', '1.13.11.78']","[0.8329, 0.8244]"
P54456,"['1.13.11.78', '3.1.3.89']","[0.842, 0.8236]"
Q9M0G5,['2.7.11.1'],[0.9908]
A0A1D8PH78,"['2.5.1.10', '2.5.1.1', '2.5.1.29', '2.5.1.67', '2.5.1.69']","[0.998, 0.998, 0.9921, 0.9837, 0.9837]"
P0DV34,['3.1.3.50'],[0.9127]
Q8NR92,"['1.13.11.37', '1.13.11.1', '1.13.11.3']","[0.9917, 0.9815, 0.9735]"
O77821,['3.1.1.1'],[0.9413]
A1IIX5,"['1.5.1.36', '1.14.13.166', '1.14.13.29', '1.5.1.30', '1.5.1.42']","[0.9821, 0.981, 0.981, 0.9806, 0.9801]"
Q0P8I9,['2.7.1.168'],[0.981]
Q4WM52,['5.3.3.2'],[0.9837]
Q9WTL7,['3.1.1.1'],[0.9375]
A0A1D8PH52,"['2.3.1.9', '2.3.1.16', '2.3.1.174', '2.3.1.223', '2.3.1.155']","[0.9966, 0.9873, 0.9811, 0.9799, 0.9583]"
R9QMY8,"['4.2.3.117', '4.2.3.111', '4.2.3.109', '4.2.3.108', '4.2.3.15']","[0.9973, 0.9972, 0.9972, 0.9972, 0.9972]"
Q5R8C2,['3.1.1.1'],[0.9581]
A0A2P1DP90,"['4.1.1.52', '4.1.1.103', '4.1.1.46', '4.1.1.91', '4.1.1.45']","[0.9791, 0.939, 0.9256, 0.9203, 0.9053]"
Q927X3,"['4.2.1.113', '5.1.1.20', '5.5.1.7', '5.5.1.1', '5.1.1.22']","[0.9773, 0.9623, 0.9525, 0.9513, 0.9429]"
A0A1D8PEL1,['2.7.1.36'],[0.9855]
F2XFB2,"['4.2.3.32', '5.5.1.12', '4.2.3.18', '4.2.3.132', '4.2.3.44']","[0.9999, 0.9999, 0.999, 0.999, 0.9984]"
Q750X7,['3.1.1.1'],[0.9574]
B0Y4X4,['2.7.11.24'],[1.0]
B4YA15,"['2.5.1.10', '2.5.1.1', '2.5.1.29', '2.5.1.67', '2.5.1.69']","[0.9952, 0.9952, 0.9896, 0.9834, 0.9825]"
V6RG22,"['2.5.1.10', '2.5.1.1', '2.5.1.29', '2.5.1.67', '2.5.1.69']","[0.9996, 0.9996, 0.9909, 0.9834, 0.9834]"
B0YA65,"['2.3.1.9', '2.3.1.16', '2.3.1.174', '2.3.1.223', '2.3.1.155']","[0.9928, 0.9873, 0.98, 0.9781, 0.9579]"
Q4WCL5,"['2.3.1.9', '2.3.1.16', '2.3.1.174', '2.3.1.223', '2.3.1.155']","[0.9928, 0.9873, 0.98, 0.9781, 0.9579]"
P47285,['1.1.99.2'],[0.922]
P75063,['1.1.99.2'],[0.921]
Q336N8,"['1.14.11.67', '1.14.11.66', '1.14.11.69', '1.14.11.65', '1.14.11.27']","[0.9237, 0.9134, 0.9134, 0.9134, 0.9103]"
Q8GUI6,"['1.14.11.66', '1.14.11.69', '1.14.11.67', '1.14.11.27']","[0.9228, 0.9228, 0.9221, 0.9133]"
Q8RWR1,"['1.14.11.27', '1.14.11.73']","[0.975, 0.9742]"
Q08BA6,['1.14.11.53'],[0.9854]
Q7K3M5,"['3.6.4.13', '3.6.4.12']","[0.9967, 0.9719]"
P22083,"['2.4.1.65', '2.4.1.152']","[0.9517, 0.9517]"
Q8HZJ8,"['1.1.1.146', '1.1.1.201']","[0.9984, 0.9984]"
O31504,"['3.1.21.4', '2.1.1.72']","[0.9375, 0.9375]"
B8MKR3,"['1.1.2.3', '1.1.99.31', '1.1.3.15', '1.2.3.5', '1.13.12.4']","[0.9399, 0.9338, 0.8786, 0.8667, 0.8545]"
Q4WK25,['1.14.19.41'],[0.9931]
G1UB11,['1.14.19.41'],[0.9943]
O13820,['1.14.19.41'],[0.9928]
Q38156,['2.1.1.72'],[0.93]
Q11127,"['2.4.1.152', '2.4.1.65']","[0.9705, 0.9705]"
Q4WAG4,"['2.5.1.21', '1.3.1.96', '2.5.1.148', '2.5.1.103', '1.3.1.97']","[0.9903, 0.9835, 0.9824, 0.9766, 0.9715]"
I1RY81,"['2.3.1.9', '2.3.1.16', '2.3.1.174', '2.3.1.223', '2.3.1.155']","[0.9927, 0.9893, 0.9826, 0.9817, 0.9619]"
I1RQ76,['1.14.14.17'],[0.9809]
I1RFM2,"['1.14.19.20', '1.14.18.9', '1.14.18.11', '1.14.18.10', '4.1.99.5']","[0.9955, 0.9817, 0.9811, 0.9789, 0.9766]"
A0A3L6E0R4,"['1.1.3.15', '1.2.3.5', '1.1.3.46', '1.13.12.4', '1.1.99.31']","[0.9987, 0.987, 0.9651, 0.9483, 0.9337]"
F4HU51,[],[]
Q5FYU1,[],[]
Q8VWZ1,"['1.2.1.47', '1.2.1.19', '1.2.1.8', '1.2.1.54']","[0.9968, 0.9968, 0.9968, 0.9968]"
I1RMA2,"['2.3.1.9', '2.3.1.16', '2.3.1.174', '2.3.1.223', '2.3.1.155']","[0.99, 0.9779, 0.9744, 0.9724, 0.9566]"
I1RPE5,['2.7.1.36'],[0.9642]
T1RR72,['4.2.3.20'],[0.9975]
I3R584,"['6.3.4.12', '6.3.1.6', '6.3.1.2', '6.3.1.11', '6.3.1.18']","[0.9772, 0.9772, 0.9737, 0.9733, 0.948]"
P0DV35,"['1.3.1.110', '1.1.99.6', '1.1.2.4', '1.1.99.39', '1.1.99.40']","[0.9694, 0.9567, 0.9412, 0.9396, 0.9385]"
A0A6S5ZZ88,['2.3.3.10'],[0.9926]
Q8HZR3,"['2.4.1.65', '2.4.1.152']","[0.9728, 0.9728]"
A0A1D8PI71,"['2.5.1.21', '1.3.1.96', '2.5.1.103', '2.5.1.148', '1.3.1.97']","[0.9994, 0.9822, 0.9807, 0.9762, 0.9686]"
Q4WLA8,"['2.3.1.9', '2.3.1.16', '2.3.1.174', '2.3.1.223', '2.3.1.155']","[0.9882, 0.976, 0.9753, 0.9747, 0.9579]"
A1IIX3,"['1.13.11.37', '1.13.11.1', '1.13.11.3']","[0.9857, 0.9775, 0.9711]"
Q71TL0,['2.1.1.37'],[0.9361]
B7RR92,"['1.1.3.46', '1.1.3.15', '1.2.3.5', '1.13.12.4', '1.1.99.31']","[0.9738, 0.9688, 0.9671, 0.9575, 0.9361]"
Q58724,['2.1.1.72'],[0.8616]
B4EVF5,['2.3.1.286'],[0.9926]
A0A4Y6HUI7,"['4.3.1.24', '4.3.1.25', '5.4.3.10', '5.4.3.6', '4.3.1.23']","[0.9974, 0.9935, 0.9886, 0.964, 0.964]"
A0A4Y6HUD7,"['4.3.1.24', '4.3.1.25', '5.4.3.10', '5.4.3.6', '4.3.1.23']","[0.9965, 0.9941, 0.9879, 0.9637, 0.9637]"
A0A0A7AAW9,"['4.3.1.24', '4.3.1.25', '5.4.3.10', '5.4.3.6', '4.3.1.23']","[0.9964, 0.9923, 0.9881, 0.9604, 0.9604]"
X2BTY5,"['4.3.1.24', '4.3.1.25', '5.4.3.10', '5.4.3.6', '4.3.1.23']","[0.9964, 0.9916, 0.9888, 0.9604, 0.9604]"
B0Y8W7,['2.7.11.24'],[0.9997]
F2XF95,"['4.2.3.119', '4.2.3.120']","[0.9995, 0.9995]"
B0XPE4,['2.7.11.24'],[1.0]
B1HZY7,"['1.1.3.46', '1.13.12.4', '1.1.3.15', '1.2.3.5', '1.1.99.31']","[0.9764, 0.9738, 0.9719, 0.9714, 0.9514]"
Q9QYL8,['3.1.1.1'],[0.9361]
P9WNP2,"['4.2.1.55', '4.2.1.119']","[1.0, 1.0]"
A0A6J4B898,['1.2.1.3'],[0.9922]
I1RR90,"['1.3.1.70', '1.3.1.21', '1.3.1.71', '1.3.1.94', '1.3.1.22']","[0.9987, 0.9901, 0.9846, 0.915, 0.911]"
A0A0E0SNE8,"['1.14.19.20', '1.14.18.9', '1.14.18.11', '1.14.18.10', '4.1.99.5']","[0.9915, 0.981, 0.9795, 0.9776, 0.9757]"
Q9HZ47,['2.7.13.3'],[0.9604]
D6WI29,"['2.7.7.86', '2.7.7.85', '2.7.7.65']","[0.9617, 0.9319, 0.9319]"
H9L9E5,"['4.2.3.73', '4.2.3.86', '4.2.3.21', '4.2.3.61', '4.2.3.143']","[0.9971, 0.9971, 0.997, 0.9969, 0.9969]"
A0A1D8PTW6,['2.3.3.10'],[0.9909]
Q8NL92,"['1.13.11.37', '1.13.11.1', '1.13.11.3']","[0.9919, 0.9798, 0.9707]"
A0A5N1I561,"['1.1.3.15', '1.2.3.5', '1.1.3.46', '1.13.12.4', '1.1.99.31']","[0.974, 0.969, 0.9579, 0.9563, 0.9389]"
Q09049,"['7.1.1.7', '7.1.1.3']","[0.9963, 0.9943]"
P94364,"['7.1.1.3', '7.1.1.7']","[0.9819, 0.9811]"
P94365,"['7.1.1.7', '7.1.1.3']","[0.9878, 0.9847]"
E9R5G2,['1.14.14.17'],[0.9835]
T1RRJ4,['4.2.3.20'],[0.9979]
P75442,"['2.7.7.18', '3.6.1.41']","[0.9746, 0.9746]"
O75608,['3.1.1.1'],[0.9441]
I1S2M5,['1.14.14.154'],[0.9924]
Q4WXT8,['2.3.3.10'],[0.9947]
Q8DJP8,"['4.2.1.113', '5.1.1.20', '5.5.1.1', '5.5.1.7', '5.1.1.22']","[0.9725, 0.9, 0.8487, 0.8364, 0.8135]"
B1A612,"['4.2.1.113', '5.5.1.1', '5.1.1.22', '5.5.1.7', '5.1.1.20']","[0.985, 0.9528, 0.9523, 0.9508, 0.9506]"
Q59226,"['3.2.1.133', '3.2.1.54', '3.2.1.135', '3.2.1.20', '3.2.1.1']","[0.9865, 0.9853, 0.9826, 0.9635, 0.9396]"
Q6MQC7,"['4.2.1.113', '5.1.1.20', '5.5.1.1', '5.5.1.7', '5.1.1.22']","[0.9437, 0.8681, 0.814, 0.8081, 0.7851]"
Q21A54,['2.3.1.222'],[0.9816]
A0A0H2USC0,['2.3.2.27'],[0.976]
A0A075HNX4,"['1.1.3.37', '1.1.3.8', '1.3.3.12', '1.1.3.41', '1.3.2.3']","[0.9528, 0.934, 0.9265, 0.9169, 0.9008]"
O95372,['3.1.1.1'],[0.9372]
D5SXM0,['2.3.1.222'],[0.9644]
Q6UEH6,['1.14.18.1'],[0.9979]
Q6ARP5,"['4.2.1.113', '5.1.1.20', '5.5.1.1', '5.5.1.7', '5.1.1.22']","[0.9279, 0.9229, 0.8912, 0.8866, 0.8578]"
P25280,['5.6.2.2'],[0.822]
Q9YAD8,"['2.1.1.207', '2.1.1.257', '2.1.1.34']","[0.9649, 0.947, 0.9469]"
Q58599,"['2.1.1.207', '2.1.1.257', '2.1.1.34', '2.1.1.230']","[0.9672, 0.9513, 0.9461, 0.9213]"
Q9RYA6,"['4.2.1.113', '5.5.1.1', '5.5.1.7', '5.1.1.20', '5.1.1.22']","[0.9752, 0.9582, 0.9574, 0.9527, 0.9511]"
O24527,['2.7.11.1'],[0.9923]
Q5TZ07,['3.1.3.4'],[0.8756]
Q9LSA9,"['2.7.4.22', '2.7.4.31', '2.7.4.26']","[0.9664, 0.8639, 0.8495]"
R9QMR0,"['4.2.3.111', '4.2.3.119', '4.2.3.120', '4.2.3.107', '4.2.3.16']","[0.9979, 0.9974, 0.9974, 0.9971, 0.9971]"
Q8GME2,"['1.5.1.36', '1.5.1.30', '1.14.13.166', '1.14.13.29']","[0.985, 0.9803, 0.9772, 0.9772]"
D4GWJ7,"['3.5.4.39', '3.5.4.16']","[0.9975, 0.9665]"
Q11188,['3.1.26.5'],[0.9714]
R9QMY9,['4.2.3.119'],[0.9998]
R9QMQ9,"['4.2.3.111', '4.2.3.119', '4.2.3.120', '4.2.3.107']","[0.9977, 0.9973, 0.9973, 0.997]"
Q8C267,"['2.1.1.366', '2.1.1.355', '2.1.1.367']","[0.9636, 0.9577, 0.9577]"
Q9C5P1,"['2.1.1.368', '2.1.1.369']","[0.9849, 0.9848]"
Q58611,['3.1.21.3'],[0.9748]
Q5VWZ2,['3.1.1.1'],[0.9557]
B0XUR7,"['3.1.3.16', '3.1.3.53']","[0.9947, 0.9701]"
P30771,"['3.6.4.12', '3.6.4.13']","[0.958, 0.958]"
R9QMR3,['4.2.3.119'],[0.9998]
Q5ZND2,['3.1.21.5'],[0.9989]
Q07606,"['2.1.1.72', '2.1.1.37']","[0.6291, 0.6289]"
Q96A09,['2.7.7.19'],[0.9787]
Q94AT3,"['2.7.1.83', '2.7.1.15', '2.7.1.73']","[0.9296, 0.923, 0.9211]"
G8EWC8,"['6.3.4.13', '6.3.3.1', '2.1.2.2']","[0.996, 0.996, 0.9709]"
G5CV54,"['4.2.3.61', '4.2.3.194']","[0.9955, 0.9954]"
D5KXD2,"['4.2.3.15', '4.2.3.60', '4.2.3.113', '4.2.3.71']","[0.9984, 0.9984, 0.9984, 0.9979]"
Q5RBR7,['3.1.1.1'],[0.9427]
Q5L1G9,"['4.2.1.113', '5.5.1.1', '5.1.1.22', '5.1.1.20', '5.5.1.7']","[0.9861, 0.9527, 0.9526, 0.9522, 0.9519]"
D6WMX4,['2.7.11.1'],[0.9908]
J9VYP5,"['6.3.4.13', '6.3.3.1', '2.1.2.2']","[0.9953, 0.9953, 0.9729]"
B0XR80,['2.7.11.24'],[1.0]
A4IGY9,"['2.1.1.355', '2.1.1.366', '2.1.1.367', '2.1.1.368', '2.1.1.369']","[0.9643, 0.9643, 0.9643, 0.9552, 0.9552]"
F2XF96,"['4.2.3.119', '4.2.3.120']","[0.9996, 0.9996]"
Q6YI93,"['2.1.1.366', '2.1.1.355', '2.1.1.367']","[0.9615, 0.9582, 0.9582]"
R9QMW1,['4.2.3.111'],[0.9993]
O82175,"['2.1.1.368', '2.1.1.369']","[0.9896, 0.9896]"
Q9D4F2,['3.1.3.4'],[0.8955]
Q9C5P4,"['2.1.1.368', '2.1.1.369']","[0.9959, 0.9934]"
D4GSS5,"['2.4.2.60', '2.4.2.59']","[0.9915, 0.9492]"
F7E7M3,['2.7.7.19'],[0.9879]
Q7KQM1,['2.7.7.102'],[0.9748]
E3PTZ4,"['5.1.1.4', '4.2.1.77', '5.1.1.8']","[0.9953, 0.9909, 0.9868]"
R9QMW5,"['4.2.3.111', '4.2.3.119', '4.2.3.120', '4.2.3.107', '4.2.3.16']","[0.9977, 0.9972, 0.9972, 0.9971, 0.9968]"
G8H5M9,['4.2.3.61'],[0.9962]
G8H5N1,['4.2.3.61'],[0.996]
M5EES5,"['1.13.11.45', '1.13.11.12', '1.13.11.58', '1.13.11.77', '1.13.11.33']","[0.9727, 0.9695, 0.9695, 0.9695, 0.9691]"
F2XFA8,"['4.2.3.119', '4.2.3.120']","[0.9998, 0.9998]"
I1RJR2,['1.14.14.154'],[0.9956]
A6XH06,['4.2.3.26'],[0.9966]
A0A1D8PC43,"['4.1.1.33', '4.1.1.99']","[0.9906, 0.9296]"
O14345,['2.3.1.225'],[0.9873]
A0A0H3PEK7,"['2.1.1.226', '2.1.1.227']","[0.9549, 0.9549]"
Q196Z3,"['3.1.3.48', '3.1.3.16', '3.1.3.27']","[0.9141, 0.909, 0.8868]"
Q8W595,"['2.1.1.355', '2.1.1.366', '2.1.1.367']","[0.9676, 0.9676, 0.9676]"
Q84K35,['4.2.1.70'],[0.9883]
O14215,['2.7.7.102'],[0.9752]
B1VB81,"['2.7.2.15', '2.7.2.1', '2.7.2.7']","[0.9987, 0.9926, 0.8826]"
G8H5M8,"['4.2.3.15', '4.2.3.60', '4.2.3.113', '4.2.3.71']","[0.9986, 0.9986, 0.9986, 0.9977]"
Q0P8H3,"['1.1.1.22', '1.1.1.132', '1.1.1.336', '1.1.1.136']","[0.9879, 0.9559, 0.9521, 0.9389]"
O07899,"['6.3.2.14', '6.2.1.71', '6.2.1.61', '6.2.1.65', '6.2.1.43']","[0.9917, 0.9917, 0.9901, 0.9822, 0.9809]"
O31688,"['7.2.2.21', '7.2.2.12', '7.2.2.8']","[0.982, 0.9756, 0.9639]"
O25042,['3.1.21.4'],[0.9194]
Q6DGD3,"['2.1.1.355', '2.1.1.366', '2.1.1.367', '2.1.1.357', '2.1.1.368']","[0.9956, 0.9741, 0.9741, 0.968, 0.953]"
Q8GZB6,"['2.1.1.368', '2.1.1.369']","[0.9899, 0.9854]"
H2ELN1,"['4.2.3.114', '4.2.3.115', '4.2.3.81', '4.2.3.138', '4.2.3.65']","[0.9962, 0.9962, 0.996, 0.9953, 0.9952]"
Q58DI5,"['3.1.3.4', '3.1.3.81', '3.1.3.106']","[0.9013, 0.8942, 0.8942]"
Q8IY26,['3.1.3.4'],[0.8932]
O77334,"['3.1.3.48', '3.1.3.16']","[0.8873, 0.883]"
A0A0H2WWB5,"['4.2.1.113', '5.1.1.20', '5.5.1.1', '5.5.1.7', '5.1.1.22']","[0.9632, 0.9033, 0.8434, 0.8249, 0.8068]"
B1VB75,"['1.2.1.10', '1.2.1.81', '1.2.1.76']","[0.9887, 0.9691, 0.968]"
O32125,"['3.1.3.5', '3.1.3.23', '3.1.3.3', '3.1.3.41', '3.1.3.18']","[0.9707, 0.9611, 0.9611, 0.9425, 0.9373]"
G8H5N0,"['4.2.3.21', '4.2.3.88', '4.2.3.57', '4.2.3.104']","[0.996, 0.9959, 0.9958, 0.9958]"
Q46856,['1.1.1.192'],[0.9811]
G5DAC7,"['2.4.1.207', '3.2.1.151', '3.2.1.73']","[0.9939, 0.9872, 0.904]"
A0A067XRK9,"['2.4.1.207', '3.2.1.151']","[0.9873, 0.9794]"
H6WZF2,"['4.2.3.114', '4.2.3.115', '4.2.3.26', '4.2.3.81', '4.2.3.138']","[0.9954, 0.9954, 0.9954, 0.9953, 0.995]"
G5DAC6,"['2.4.1.207', '3.2.1.151', '3.2.1.73']","[0.9934, 0.9934, 0.9008]"
Q96IP4,['2.7.7.19'],[0.9815]
Q29RH2,['2.7.7.19'],[0.9795]
G5CV52,"['4.2.3.21', '4.2.3.57', '4.2.3.88', '4.2.3.61']","[0.9962, 0.9961, 0.9961, 0.996]"
Q91FX3,"['3.1.3.16', '3.1.3.48', '3.1.3.27', '3.1.3.67']","[0.9011, 0.9011, 0.8549, 0.7886]"
Q8GZD5,"['2.4.1.207', '3.2.1.151', '3.2.1.73']","[0.9934, 0.9864, 0.9016]"
A0A067XR63,"['2.4.1.207', '3.2.1.151']","[0.9648, 0.9598]"
A0A067YMX8,"['2.4.1.207', '3.2.1.151']","[0.9878, 0.9847]"
Q9C5P0,"['2.1.1.368', '2.1.1.369']","[0.9729, 0.9725]"
Q5QD03,"['2.1.1.368', '2.1.1.369']","[0.9572, 0.9572]"
Q8C152,['2.7.7.19'],[0.9804]
I1S130,['4.1.1.33'],[0.9887]
Q44244,"['4.2.1.113', '5.1.1.20', '5.5.1.1', '5.5.1.7', '5.1.1.22']","[0.9726, 0.9488, 0.9447, 0.9433, 0.9392]"
B1VB71,['2.3.1.222'],[0.9964]
Q5SZ99,"['2.3.2.27', '6.3.2.n3']","[0.9875, 0.9356]"
B0BNK8,['2.7.7.19'],[0.9796]
Q0E2F9,['3.4.19.12'],[0.9837]
D3Z5S8,['2.7.7.19'],[0.9824]
F2XFA0,"['4.2.3.58', '4.2.3.80']","[0.9998, 0.9997]"
F4G5A4,"['1.1.3.46', '1.1.3.15', '1.13.12.4', '1.2.3.5', '1.1.99.31']","[0.9726, 0.9617, 0.9568, 0.9551, 0.9342]"
Q3MHR0,['3.1.1.1'],[0.9439]
Q47Q21,['4.2.1.113'],[0.9751]
Q4WNV9,['4.1.1.33'],[0.9864]
Q53FA7,"['1.6.5.5', '1.3.1.103']","[0.965, 0.9435]"
Q59104,"['1.1.1.192', '1.1.1.6', '1.1.1.202', '1.1.1.1', '1.1.1.244']","[0.9448, 0.9448, 0.9414, 0.9394, 0.933]"
R9QMR4,"['4.2.3.111', '4.2.3.109', '4.2.3.108', '4.2.3.15', '4.2.3.121']","[0.9966, 0.9966, 0.9966, 0.9966, 0.9964]"
F2XFA5,"['4.2.3.119', '4.2.3.120', '4.2.3.15', '4.2.3.52', '4.2.3.121']","[0.9964, 0.9964, 0.9963, 0.9958, 0.9954]"
G5DDC2,"['1.2.1.8', '1.2.1.47', '1.2.1.19', '1.2.1.54']","[0.999, 0.9968, 0.9968, 0.9968]"
Q6CJK6,['3.1.1.1'],[0.9687]
Q2G297,"['1.13.11.78', '3.1.3.89', '3.1.4.56']","[0.8209, 0.8101, 0.7741]"
D4MUV9,"['1.3.1.110', '1.1.2.4', '1.1.99.6', '1.1.99.40', '1.1.99.14']","[0.9854, 0.9641, 0.9623, 0.9539, 0.9521]"
P38109,"['3.4.16.5', '3.4.16.6', '2.3.1.92', '2.3.1.103', '4.1.2.11']","[0.9793, 0.954, 0.9437, 0.9437, 0.9421]"
Q694C1,"['3.5.4.38', '3.5.4.36']","[0.9749, 0.8638]"
Q694C0,"['3.5.4.38', '3.5.4.36']","[0.9759, 0.8566]"
Q694C2,"['3.5.4.38', '3.5.4.36']","[0.968, 0.8383]"
Q7YR23,"['3.5.4.38', '3.5.4.36']","[0.9673, 0.8404]"
A0A166U5H3,['2.1.1.69'],[0.9997]
G2X4G0,"['3.2.1.8', '3.2.1.4', '3.2.1.151', '3.4.23.32', '3.4.23.19']","[0.9892, 0.8838, 0.8752, 0.826, 0.8239]"
Q56R04,"['1.2.1.47', '1.2.1.19', '1.2.1.8', '1.2.1.54']","[0.9961, 0.9961, 0.9961, 0.9961]"
R9QMR6,"['4.2.3.107', '4.2.3.119', '4.2.3.120']","[0.9977, 0.9968, 0.9968]"
F2XF97,"['4.2.3.71', '4.2.3.76', '4.2.3.80', '4.2.3.58', '4.2.3.56']","[0.9969, 0.9969, 0.9959, 0.9957, 0.9955]"
Q6GPB5,['1.14.11.53'],[0.9861]
Q66JG8,['1.14.11.53'],[0.9846]
Q4I8Q4,['3.1.1.1'],[0.9591]
Q5AGD1,['3.1.1.1'],[0.9594]
Q6BSS8,['3.1.1.1'],[0.9506]
A0A1D8PLI2,['5.3.3.2'],[0.9862]
I1RZ92,['5.3.3.2'],[0.9902]
P40871,"['6.3.2.14', '6.2.1.71', '6.2.1.61', '6.2.1.43', '6.2.1.65']","[0.9901, 0.9901, 0.9894, 0.9861, 0.9855]"
Q9V9V9,['2.3.1.57'],[0.8948]
Q9CAC3,['2.7.11.1'],[0.9951]
B1XJV9,"['2.5.1.29', '2.5.1.10', '2.5.1.1', '2.5.1.81', '2.5.1.83']","[0.9968, 0.9924, 0.9864, 0.984, 0.9702]"
I6YBZ8,"['4.2.1.119', '4.2.1.148', '4.2.1.55', '4.2.1.153', '1.1.1.n12']","[0.9674, 0.9123, 0.9027, 0.8825, 0.8504]"
Q7U2S5,"['4.2.1.55', '4.2.1.119']","[1.0, 1.0]"
Q8Z0C8,"['1.1.3.15', '1.2.3.5', '1.1.3.46', '1.13.12.4', '1.1.99.31']","[0.9825, 0.9825, 0.9782, 0.9592, 0.9374]"
A7IQH5,['1.1.1.269'],[0.9916]
A0A0P0ZBS7,"['4.2.1.113', '5.1.1.20', '5.5.1.7', '5.5.1.1', '4.2.1.171']","[0.9859, 0.9527, 0.9523, 0.9513, 0.9501]"
B0Y462,['2.7.11.24'],[0.9998]
B0XMC1,"['2.3.1.9', '2.3.1.16', '2.3.1.174', '2.3.1.223', '2.3.1.155']","[0.9882, 0.976, 0.9753, 0.9747, 0.9579]"
Q4WP25,['2.7.1.36'],[0.9605]
Q9I6F6,"['3.1.3.50', '3.1.3.3', '3.1.3.87', '3.1.3.100']","[0.9094, 0.908, 0.8968, 0.8591]"
P70470,['3.1.1.1'],[0.941]
A0A1D8PJ25,"['1.3.1.71', '1.3.1.21', '1.3.1.70', '1.3.1.94', '1.3.1.22']","[0.9944, 0.9879, 0.9864, 0.9214, 0.9155]"
A0A098DJ84,['1.14.19.41'],[0.9901]
T1RRR9,['4.2.3.20'],[0.9975]
C0P9J6,"['1.2.1.8', '1.2.1.47', '1.2.1.19', '1.2.1.54']","[0.9989, 0.997, 0.997, 0.997]"
P0CL95,['3.1.1.1'],[0.9578]
A0A0U5GNT1,"['5.5.1.29', '3.1.3.100', '3.5.99.2', '5.5.1.30', '5.5.1.12']","[0.716, 0.7126, 0.7126, 0.7116, 0.7029]"
Q8IIJ9,"['3.4.14.1', '3.4.22.51']","[0.8678, 0.8127]"
Q9CQ43,['3.6.1.23'],[0.996]
Q1RMJ5,['1.1.1.300'],[0.9808]
A6NNS2,['1.1.1.300'],[0.9788]
Q8CHS7,['1.1.1.300'],[0.9783]
D3ZGP9,['1.1.1.300'],[0.9782]
Q9HC16,"['3.5.4.38', '3.5.4.36']","[0.9774, 0.8561]"
Q694C4,"['3.5.4.38', '3.5.4.36']","[0.9713, 0.8381]"
Q694B6,"['3.5.4.38', '3.5.4.36']","[0.9751, 0.8661]"
A0A0D1CD96,['3.6.4.10'],[0.994]
D3ZMY7,"['3.1.3.5', '3.1.3.99', '2.7.1.77']","[0.9999, 0.9999, 0.9999]"
A0A0E3T552,"['1.2.1.47', '1.2.1.19', '1.2.1.8', '1.2.1.54']","[0.998, 0.998, 0.998, 0.998]"
B6ECN9,"['1.2.1.8', '1.2.1.47', '1.2.1.19', '1.2.1.54']","[0.9956, 0.9955, 0.9955, 0.9954]"
R9QMW3,"['4.2.3.111', '4.2.3.109', '4.2.3.108', '4.2.3.15', '4.2.3.117']","[0.9963, 0.9963, 0.9963, 0.9963, 0.9959]"
F2XFA4,"['4.2.3.119', '4.2.3.120', '4.2.3.15', '4.2.3.52', '4.2.3.121']","[0.9963, 0.9963, 0.9962, 0.9957, 0.9954]"
C0PTH8,"['4.2.3.119', '4.2.3.120', '4.2.3.15', '4.2.3.52', '4.2.3.121']","[0.9962, 0.9962, 0.996, 0.9954, 0.9953]"
Q6QT07,['1.13.11.71'],[0.9964]
Q9SL49,['1.14.11.53'],[0.9481]
Q00594,"['6.2.1.44', '6.2.1.12', '6.2.1.17', '6.2.1.3', '6.2.1.1']","[0.995, 0.9832, 0.9828, 0.9823, 0.9813]"
F2XFA2,"['4.2.3.111', '4.2.3.109', '4.2.3.108', '4.2.3.15', '4.2.3.117']","[0.9981, 0.9981, 0.9981, 0.9981, 0.9976]"
C0PT35,"['4.2.3.111', '4.2.3.109', '4.2.3.108', '4.2.3.15', '4.2.3.117']","[0.9979, 0.9979, 0.9979, 0.9979, 0.9977]"
F2XF98,"['4.2.3.111', '4.2.3.109', '4.2.3.108', '4.2.3.15', '4.2.3.117']","[0.998, 0.998, 0.998, 0.998, 0.9976]"
A6XH05,['4.2.3.108'],[0.9989]
A5Y5L5,['4.2.3.108'],[0.9908]
A4VGK4,"['1.3.1.110', '1.1.99.6', '1.1.2.4', '1.1.99.40', '1.1.99.39']","[0.9757, 0.9591, 0.9455, 0.9404, 0.9352]"
Q9FNE9,['2.1.1.369'],[0.9924]
P36107,['2.7.1.228'],[0.9452]
Q7YR25,"['3.5.4.38', '3.5.4.36']","[0.9706, 0.8505]"
Q694C5,"['3.5.4.38', '3.5.4.36']","[0.9662, 0.8379]"
Q7YR24,"['3.5.4.38', '3.5.4.36']","[0.9742, 0.8669]"
Q694B7,"['3.5.4.38', '3.5.4.36']","[0.9717, 0.8348]"
Q694B8,"['3.5.4.38', '3.5.4.36']","[0.964, 0.8326]"
Q694B9,"['3.5.4.38', '3.5.4.36']","[0.9745, 0.8491]"
I1RBR4,['1.14.14.154'],[0.9934]
Q55FK4,['3.1.1.1'],[0.9672]
Q4WCX7,['3.1.1.1'],[0.9608]
R9QMR5,"['4.2.3.111', '4.2.3.109', '4.2.3.108', '4.2.3.15']","[0.9986, 0.9986, 0.9986, 0.9986]"
A0A1D8PIC7,"['1.3.1.70', '1.3.1.21', '1.3.1.71', '1.3.1.94', '1.3.1.22']","[0.9961, 0.9919, 0.985, 0.9252, 0.9196]"
Q5A1B0,"['1.1.1.170', '1.1.1.145', '5.3.3.1', '1.1.1.181']","[0.9949, 0.9796, 0.9796, 0.9776]"
Q4WW43,"['1.3.1.71', '1.3.1.21', '1.3.1.70', '1.3.1.94', '1.3.1.22']","[0.9948, 0.9895, 0.9892, 0.9126, 0.9036]"
Q4WJ59,"['1.3.1.71', '1.3.1.70', '1.3.1.21', '1.3.1.94', '1.3.1.22']","[0.9716, 0.969, 0.9662, 0.8857, 0.8776]"
I1RZZ3,"['1.3.1.70', '1.3.1.71', '1.3.1.21']","[0.971, 0.9647, 0.9596]"
Q659K9,"['2.4.1.65', '2.4.1.152']","[0.9514, 0.9514]"
A0A1D5PPP7,"['3.4.22.59', '3.4.22.56', '3.4.22.60']","[0.9891, 0.9727, 0.9705]"
Q57752,"['2.3.1.197', '2.3.1.201', '2.3.1.209']","[0.8887, 0.8815, 0.8786]"
V6RPN0,"['2.5.1.21', '1.3.1.96', '2.5.1.148', '2.5.1.103', '1.3.1.97']","[0.9935, 0.9833, 0.9826, 0.9795, 0.9741]"
A0SJQ5,"['2.5.1.21', '2.5.1.103', '1.3.1.97', '1.3.1.96', '2.5.1.148']","[0.9867, 0.9834, 0.978, 0.977, 0.975]"
M5AWY0,"['1.14.14.108', '1.14.14.155', '1.14.13.107', '1.14.14.28', '1.14.13.131']","[0.9975, 0.9748, 0.9455, 0.9177, 0.905]"
A0A0E3T3B5,"['1.2.1.47', '1.2.1.19', '1.2.1.8', '1.2.1.54']","[0.9976, 0.9976, 0.9976, 0.9976]"
D3ZKD3,['1.14.11.53'],[0.9991]
Q54T49,['3.1.1.1'],[0.9658]
Q6CGL4,['3.1.1.1'],[0.9637]
P0CL94,['3.1.1.1'],[0.9578]
O14321,"['2.1.1.41', '2.1.1.143', '2.1.1.263', '2.1.1.262']","[0.9901, 0.9749, 0.9713, 0.969]"
Q4WES9,['5.4.99.7'],[0.9939]
A0A0E0SP71,['5.4.99.7'],[0.9926]
Q4WV38,['2.7.4.2'],[0.9734]
A0A1D8PLH0,['2.7.4.2'],[0.9823]
I1RZD0,['2.7.4.2'],[0.9756]
F2XFA1,"['4.2.3.119', '4.2.3.120', '4.2.3.15', '4.2.3.52', '4.2.3.121']","[0.9964, 0.9964, 0.9963, 0.9955, 0.9952]"
Q9HFJ5,['3.1.1.1'],[0.9473]
F2XF99,['4.2.3.46'],[0.9973]
Q4WBQ3,['2.3.3.10'],[0.9938]
I1RF79,"['1.3.1.70', '1.3.1.21', '1.3.1.71', '1.3.1.94', '1.3.1.22']","[0.9953, 0.9891, 0.9845, 0.9101, 0.9084]"
K7PL94,['2.3.3.10'],[0.9924]
